0,1,2,3,4
Vodka Russian,Pure Passion,Cuba Libre,Just a Moonmint,Queen Bee
A1,Fruit Cooler,Valencia Cocktail,Orange Rosemary Collins,Limona Corona
Stinger,Winter Rita,Lemon Drop,Adam,Tequila Sour
Rum Sour,Grim Reaper,Holloween Punch,Caipirissima,Pink Panty Pulldowns
Vodka Fizz,Fahrenheit 5000,Gin Rickey,Horse's Neck,The Philosopher
Bible Belt,Drinking Chocolate,Alexander,Mojito Extra,Orange Rosemary Collins
Valencia Cocktail,Bob Marley,Grizzly Bear,Bible Belt,Flaming Dr. Pepper
Sweet Bananas,Damned if you do,Freddy Kruger,Gin Sling,Bible Belt
Frappé,Jam Donut,Long vodka,Foxy Lady,Greyhound
Jack Rose Cocktail,Barracuda,Planter's Punch,Gin Toddy,Acapulco
Long Island Iced Tea,Paloma,Mocha-Berry,Bluebird,Bijou
Moscow Mule,Nuked Hot Chocolate,Ramos Gin Fizz,Mocha-Berry,Chocolate Drink
Pink Penocha,Victor,Damned if you do,Drinking Chocolate,Sweet Bananas
Imperial Fizz,White Lady,Mango Mojito,Lassi Raita,Pineapple Gingerale Smoothie
National Aquarium,Port Wine Cocktail,English Rose Cocktail,Tequila Fizz,Fruit Flip-Flop
Zima Blaster,Popped cherry,Long Island Iced Tea,Grim Reaper,Godfather
Drinking Chocolate,Damned if you do,Fuzzy Asshole,Valencia Cocktail,Freddy Kruger
Sweet Tooth,Lemon Elderflower Spritzer,Godfather,Holloween Punch,Orgasm
Pineapple Paloma,Gin Fizz,Corn n Oil,Moranguito,Flander's Flake-Out
Fahrenheit 5000,Screwdriver,Pornstar Martini,Shot-gun,Zambeer
Tipperary,Jack's Vanilla Coke,Cuba Libra,Lone Tree Cooler,Radler
Royal Flush,Allegheny,Bible Belt,Flaming Dr. Pepper,Royal Gin Fizz
Space Odyssey,Pink Penocha,Royal Flush,Royal Gin Fizz,Gin Sling
Artillery,After sex,Addison,Vodka Fizz,Godmother
Gin Tonic,Texas Sling,Raspberry Cooler,Homemade Kahlua,Egg Nog #4
Tequila Fizz,Martini,Hemingway Special,Porto flip,Rum Runner
Flying Dutchman,Vodka And Tonic,Margarita,French 75,Mango Mojito
Pornstar Martini,Moranguito,Horse's Neck,Tuxedo Cocktail,Vodka Fizz
Addison,Radler,Corpse Reviver,Van Vleet,Fahrenheit 5000
Grim Reaper,Nuked Hot Chocolate,The Jimmy Conway,City Slicker,Passion Fruit Martini
Frisco Sour,Coffee Liqueur,Radioactive Long Island Iced Tea,Texas Rattlesnake,Boomerang
Irish Russian,Gluehwein,Port Wine Flip,Grass Skirt,Wine Cooler
Lemouroudji,Halloween Punch,Egg Nog - Healthy,Lady Love Fizz,Whiskey Sour
Rum Sour,Creme de Menthe,Irish Russian,Lemon Elderflower Spritzer,The Jimmy Conway
Ice Pick,Snowday,Negroni,Frappé,Jam Donut
Whiskey Sour,New York Sour,Gin Daisy,Jackhammer,Frosé
Barracuda,Mulled Wine,Rose,Broadside,Orange Push-up
H.D.,Jack Rose Cocktail,Frappé,Hot Creamy Bush,Foxy Lady
Citrus Coke,Mango Mojito,Munich Mule,Dark and Stormy,Zinger
Daiquiri,Addison,Poppy Cocktail,Espresso Martini,Sherry Eggnog
Frozen Pineapple Daiquiri,Port And Starboard,Imperial Fizz,ACID,Bora Bora
Vermouth Cassis,Thai Iced Tea,Tequila Sour,Danbooka,Coke and Drops
Dry Rob Roy,Irish Coffee,Funk and Soul,Kamikaze,Jamaica Kiss
Cosmopolitan,Kentucky Colonel,Orange Crush,Mango Mojito,Tomato Tang
New York Lemonade,Iced Coffee,Orange Scented Hot Chocolate,Zenmeister,French Martini
Chocolate Drink,Moscow Mule,Planter’s Punch,Old Pal,Orgasm
Afternoon,Thai Iced Tea,Stone Sour,Lemon Drop,Pink Lady
Tuxedo Cocktail,Turf Cocktail,Thai Coffee,Horse's Neck,Empellón Cocina's Fat-Washed Mezcal
Thai Coffee,Figgy Thyme,Horse's Neck,Jack's Vanilla Coke,Addison
Vodka Russian,Cafe Savoy,Sidecar,Casino Royale,Zorro
Kir Royale,Quick F**K,ACID,Herbal flame,French 75
Pornstar Martini,Screwdriver,Thai Coffee,Dry Martini,Kill the cold Smoothie
Cafe Savoy,Espresso Rumtini,Vodka Russian,Stone Sour,Havana Cocktail
Foxy Lady,Mulled Wine,Long vodka,Sweet Sangria,Zoksel
Almeria,Flaming Lamborghini,Turkeyball,Dry Rob Roy,Cosmopolitan
Dirty Martini,Lemon Drop,Sol Y Sombra,Bumble Bee,Cosmopolitan
Ice Pick,Sweet Sangria,French Connection,Owen's Grandmother's Revenge,Long Island Tea
Spritz,Quarter Deck Cocktail,White Russian,Radler,Jack's Vanilla Coke
Pisco Sour,Figgy Thyme,Dry Martini,Artillery,Gin Smash
Turkeyball,Munich Mule,Zenmeister,Vodka Martini,Snowball
Monkey Gland,Queen Elizabeth,Texas Sling,Vodka Tonic,Gimlet
Quarter Deck Cocktail,Empellón Cocina's Fat-Washed Mezcal,Thai Coffee,Rum Punch,Lunch Box
Sidecar,Zipperhead,Loch Lomond,Monkey Wrench,Coke and Drops
Jelly Bean,Rum Cobbler,Ramos Gin Fizz,Orange Oasis,Cherry Rum
Flaming Lamborghini,Citrus Coke,Big Red,Imperial Cocktail,Queen Charlotte
Hot Toddy,Planter’s Punch,Karsk,Moscow Mule,Vampiro
Turkeyball,Egg Cream,Whisky Mac,Queen Elizabeth,Harvey Wallbanger
Tia-Maria,Downshift,Gin Squirt,Pineapple Gingerale Smoothie,Bumble Bee
Daiquiri,Gin Fizz,Pisco Sour,Kentucky B And B,Quarter Deck Cocktail
Pineapple Paloma,Flander's Flake-Out,Figgy Thyme,Espresso Martini,Pornstar Martini
Gin Sling,Highland Fling Cocktail,John Collins,Lassi - Sweet,Drinking Chocolate
Winter Rita,Afternoon,Scooter,Tomato Tang,Espresso Rumtini
Imperial Fizz,Dark and Stormy,Harvey Wallbanger,Dark Caipirinha,Death in the Afternoon
Gimlet,Queen Elizabeth,Zorro,Sidecar,Frozen Daiquiri
Gin Squirt,Frozen Pineapple Daiquiri,Orange Scented Hot Chocolate,New York Lemonade,Bumble Bee
Kool-Aid Slammer,Just a Moonmint,Brigadier,Stinger,Tequila Sour
Lemon Elderflower Spritzer,Paloma,Midnight Mint,Holloween Punch,Gluehwein
Vodka And Tonic,Whisky Mac,Gimlet,Margarita,Grasshopper
ACID,Lazy Coconut Paloma,Sidecar,Egg Nog #4,Blue Lagoon
French Martini,Sazerac,ACID,Kurant Tea,Thai Iced Coffee
Kool-Aid Slammer,Salty Dog,Zorbatini,Mother's Milk,Vodka Russian
Dragonfly,Pina Colada,Pegu Club,Pink Gin,Gin Squirt
Avalon,Tom Collins,Afterglow,Texas Rattlesnake,Tennesee Mud
Munich Mule,Gin Tonic,French Martini,Kurant Tea,Lassi - A South Indian Drink
Big Red,Irish Curdling Cow,Jamaican Coffee,Rail Splitter,Zenmeister
Kir,Jamaica Kiss,Melya,Pineapple Gingerale Smoothie,Irish Spring
Orange Whip,Snowday,Hawaiian Cocktail,Sweet Sangria,Mulled Wine
Homemade Kahlua,Miami Vice,Boston Sour,Dry Rob Roy,Kool First Aid
Winter Paloma,Artillery,Jack's Vanilla Coke,Sherry Eggnog,Dry Martini
Tia-Maria,Flying Dutchman,Sherry Flip,Kiwi Martini,French Martini
Grasshopper,Chocolate Milk,Tomato Tang,Zizi Coin-coin,Sidecar
Planter’s Punch,Zima Blaster,Penicillin,Mocha-Berry,City Slicker
Just a Moonmint,Pink Gin,Monkey Gland,Orange Crush,Kamikaze
Jamaica Kiss,Monkey Gland,Irish Cream,Frozen Mint Daiquiri,AT&T
Sidecar,Scotch Sour,Chocolate Milk,White Lady,Godchild
Kentucky Colonel,Orange Crush,Derby,Just a Moonmint,Campari Beer
Zipperhead,Queen Elizabeth,Talos Coffee,Tequila Slammer,Flaming Lamborghini
Kentucky Colonel,Death in the Afternoon,Funk and Soul,Raspberry Cooler,Monkey Wrench
Lazy Coconut Paloma,Frozen Mint Daiquiri,Vodka Tonic,Mint Julep,Melya
Snowball,Pure Passion,Margarita,White Lady,French Martini
Downshift,Imperial Fizz,Coffee-Vodka,AT&T,Lassi - Mango
Tennesee Mud,Orangeade,Tom Collins,Whitecap Margarita,Gin Sour
Flaming Lamborghini,Irish Coffee,Dirty Nipple,Victory Collins,Happy Skipper
Rosemary Blue,Zippy's Revenge,Ipamena,Clover Club,Algonquin
Orange Push-up,Long vodka,Zoksel,Frappé,Owen's Grandmother's Revenge
English Highball,The Last Word,Zombie,Freddy Kruger,Rum Toddy
Miami Vice,Flaming Lamborghini,Vodka Martini,Rum Milk Punch,Imperial Cocktail
Martini,Porto flip,Rosemary Blue,London Town,The Laverstoke
Zima Blaster,Old Pal,Gluehwein,Popped cherry,Chocolate Drink
Karsk,Bijou,Boxcar,Rum Cobbler,Royal Bitch
Bluebird,Autodafé,Bijou,Hot Toddy,Old Pal
Nutty Irishman,Casa Blanca,Rum Cobbler,Midnight Mint,Zima Blaster
Gluehwein,Penicillin,Gin Lemon,Lemon Elderflower Spritzer,Godfather
Penicillin,Midnight Mint,Bluebird,Orgasm,Wine Cooler
A. J.,Paloma,Darkwood Sling,Hot Toddy,Zima Blaster
Ramos Gin Fizz,Caipirissima,Irish Russian,Jelly Bean,Zima Blaster
Chocolate Drink,Grim Reaper,Aviation,Sangria,Rum Sour
Caipirissima,Popped cherry,Bluebird,Lemon Elderflower Spritzer,Bijou
Munich Mule,Scooter,Gimlet,Danbooka,Kioki Coffee
Zorbatini,Egg Cream,AT&T,Rusty Nail,Coke and Drops
Ruby Tuesday,Flying Scotchman,Limona Corona,Gin Sling,Drinking Chocolate
Tom Collins,Kiwi Papaya Smoothie,Whitecap Margarita,Orangeade,Masala Chai
Boomerang,Coffee Liqueur,Grand Blue,Affinity,Orangeade
Big Red,Pure Passion,Paradise,Cafe Savoy,Dark Caipirinha
Flaming Dr. Pepper,Rum Toddy,Sweet Bananas,Michelada,Bob Marley
Tequila Sunrise,Orangeade,Frisco Sour,Texas Rattlesnake,Vodka Slime
Lemon Drop,Espresso Rumtini,Gagliardo,Vodka Martini,Flaming Lamborghini
Egg Nog #4,Casino Royale,Boston Sour,B-53,Melya
Kool First Aid,Irish Curdling Cow,Pink Gin,Harvey Wallbanger,Dirty Martini
Hot Chocolate to Die for,Tequila Sunrise,Orangeade,Gin Sour,Mimosa
Scotch Sour,Iced Coffee,Imperial Fizz,Quick F**K,Iced Coffee Fillip
Ruby Tuesday,Bob Marley,Jewel Of The Nile,White Wine Sangria,Allegheny
English Highball,Flying Scotchman,Highland Fling Cocktail,Ruby Tuesday,Mojito Extra
Tia-Maria,Frozen Daiquiri,Diesel,Vodka Russian,Afternoon
Boston Sour,Caipirinha,Victory Collins,Snowball,Lassi Khara
Applecar,Rum Runner,Rosemary Blue,English Rose Cocktail,Oreo Mudslide
Port And Starboard,Havana Cocktail,Bora Bora,Danbooka,Sazerac
Tom Collins,Chicago Fizz,Veteran,Rum Cooler,Tequila Sunrise
Tom Collins,Grand Blue,Frisco Sour,Whitecap Margarita,Coffee Liqueur
Lassi - Sweet,Grizzly Bear,Manhattan,Mojito Extra,Pink Penocha
Royal Flush,Space Odyssey,John Collins,Limona Corona,Sea breeze
Sweet Bananas,Royal Gin Fizz,Grizzly Bear,B-52,Zombie
Highland Fling Cocktail,Valencia Cocktail,Bob Marley,Fuzzy Asshole,English Highball
Duchamp's Punch,Space Odyssey,Allegheny,Royal Flush,Manhattan
Bubble Gum,Kill the cold Smoothie,Van Vleet,Flander's Flake-Out,Bellini
Pornstar Martini,Winter Paloma,Kentucky B And B,Corpse Reviver,Rum Punch
Quarter Deck Cocktail,The Philosopher,Van Vleet,Lunch Box,Vodka Fizz
Elderflower Caipirinha,Passion Fruit Martini,The Jimmy Conway,Hot Toddy,Aviation
Flaming Dr. Pepper,Freddy Kruger,English Highball,Zombie,Lassi - Sweet
Spritz,Screwdriver,Cream Soda,Gin Rickey,Empellón Cocina's Fat-Washed Mezcal
Espresso Rumtini,Raspberry Cooler,Tia-Maria,Gagliardo,Vesuvio
Scotch Sour,Zizi Coin-coin,Dark and Stormy,Havana Cocktail,Vesper
Bramble,Tennesee Mud,San Francisco,Orangeade,Tom Collins
Thai Iced Coffee,Vodka Russian,Chocolate Milk,Talos Coffee,Queen Charlotte
Waikiki Beachcomber,Kurant Tea,Queen Bee,Rum Milk Punch,Vodka Russian
Drinking Chocolate,White Wine Sangria,Alexander,Michelada,B-52
Paradise,Dirty Nipple,Sherry Flip,Afternoon,Gagliardo
Quick-sand,Michelada,Lassi - Sweet,Abilene,John Collins
Imperial Fizz,Derby,Bumble Bee,Lemon Drop,Zorro
Havana Cocktail,Dragonfly,Lazy Coconut Paloma,Mint Julep,Jello shots
Gimlet,Clove Cocktail,Loch Lomond,Snowball,Vesuvio
Frozen Mint Daiquiri,Iced Coffee Fillip,Sherry Flip,Tequila Sour,Frozen Pineapple Daiquiri
Cream Soda,Artillery,Spritz,Ziemes Martini Apfelsaft,Shot-gun
Pisco Sour,After sex,Gin Smash,Poppy Cocktail,Addison
Pink Moon,Japanese Fizz,Chicago Fizz,Tequila Surprise,Radioactive Long Island Iced Tea
Pornstar Martini,Corpse Reviver,Winter Paloma,Cuba Libra,Ziemes Martini Apfelsaft
Nuked Hot Chocolate,Hot Toddy,Chocolate Drink,Vampiro,Passion Fruit Martini
Casino Royale,Downshift,Havana Cocktail,Danbooka,Zorbatini
Rusty Nail,Lord And Lady,Coffee-Vodka,French Martini,Havana Cocktail
Lemon Drop,Almeria,Just a Moonmint,Frozen Mint Daiquiri,Cuba Libre
Mint Julep,Gagliardo,Godchild,Espresso Rumtini,AT&T
Lone Tree Cooler,Tipperary,Gin Rickey,Bubble Gum,Turf Cocktail
White Lady,Zinger,AT&T,Lassi Khara,Vermouth Cassis
Thai Iced Tea,Port And Starboard,Lassi Khara,Dirty Nipple,Kiwi Martini
Port And Starboard,Flaming Lamborghini,Stone Sour,Margarita,Dry Rob Roy
Melya,Dirty Nipple,Snowball,Kentucky Colonel,Pysch Vitamin Light
White Lady,Dry Rob Roy,Sidecar,Irish Cream,Death in the Afternoon
Kamikaze,Almeria,Quentin,White Lady,Happy Skipper
Campari Beer,Boston Sour,Zenmeister,Queen Bee,Zizi Coin-coin
Egg Cream,Gin Squirt,Lassi - A South Indian Drink,Just a Moonmint,Herbal flame
Lassi Khara,Iced Coffee,Zorbatini,GG,French 75
Big Red,Pink Gin,Just a Moonmint,Loch Lomond,Dry Rob Roy
Frozen Pineapple Daiquiri,Quentin,Pysch Vitamin Light,Pure Passion,Campari Beer
Corpse Reviver,Godmother,Thai Coffee,Cuba Libra,Quarter Deck Cocktail
Kamikaze,Havana Cocktail,Dark and Stormy,Vesuvio,Pina Colada
Vodka Fizz,Quarter Deck Cocktail,Radler,Dry Martini,Pisco Sour
Applecar,Casino,Clover Club,The Laverstoke,English Rose Cocktail
Lassi - A South Indian Drink,B-53,Vodka Russian,Monkey Gland,Thai Iced Coffee
Kool First Aid,Brigadier,Lassi Raita,Texas Sling,Dirty Martini
Jello shots,Vesuvio,Mango Mojito,Rail Splitter,Caipirinha
Screwdriver,After sex,Gin Rickey,Jack's Vanilla Coke,Spritz
Kool-Aid Slammer,Queen Charlotte,Thai Iced Coffee,Iced Coffee Fillip,Havana Cocktail
Waikiki Beachcomber,Almeria,B-53,Zizi Coin-coin,Brigadier
Herbal flame,Sazerac,French Martini,Texas Sling,Rum Milk Punch
Monkey Gland,Pysch Vitamin Light,Dark and Stormy,Espresso Rumtini,Stinger
Cosmopolitan,Stone Sour,Mojito,Funk and Soul,Lemon Drop
Tequila Sunrise,Japanese Fizz,Bramble,Veteran,Texas Rattlesnake
Long Island Tea,Foxy Lady,French Negroni,Greyhound,Orange Push-up
Algonquin,Port Wine Cocktail,Ipamena,National Aquarium,Mudslinger
Afternoon,Whisky Mac,Adam,Miami Vice,Loch Lomond
Orange Oasis,Godfather,Vodka Lemon,Orgasm,Royal Bitch
A. J.,Pink Panty Pulldowns,Irish Russian,Hot Toddy,Sangria
Vesuvio,Raspberry Cooler,Mojito,Winter Rita,Downshift
Avalon,Frisco Sour,Grand Blue,Afterglow,Midnight Manx
Manhattan,Pink Penocha,Rum Toddy,Drinking Chocolate,Damned if you do
Whisky Mac,Salty Dog,French Martini,Citrus Coke,Stone Sour
Homemade Kahlua,Pina Colada,Whisky Mac,Tia-Maria,Quick F**K
Boston Sour,Queen Charlotte,Kir Royale,Zipperhead,White Lady
Pina Colada,Sol Y Sombra,Adam,Brigadier,Frozen Pineapple Daiquiri
Aviation,Bijou,Caipirissima,Wine Cooler,Moscow Mule
Japanese Fizz,Tequila Sunrise,Tennesee Mud,Afterglow,Boomerang
Gimlet,Godchild,Lassi - Mango,Flaming Lamborghini,New York Lemonade
Bijou,Moscow Mule,Cherry Rum,A. J.,Ramos Gin Fizz
Raspberry Cooler,Harvey Wallbanger,Dry Rob Roy,Rum Milk Punch,GG
Spritz,Godmother,Addison,Pineapple Paloma,Vodka Fizz
Tipperary,Pineapple Paloma,Gin Fizz,The Galah,Bubble Gum
Damned if you do,Michelada,A1,B-52,Highland Fling Cocktail
Raspberry Julep,Ace,Egg-Nog - Classic Cooked,Halloween Punch,Hunter's Moon
Tia-Maria,Loch Lomond,AT&T,Diesel,Herbal flame
Sweet Tooth,Orgasm,Pink Panty Pulldowns,Gin Lemon,Nutty Irishman
Corn n Oil,Dry Martini,Tuxedo Cocktail,Thai Coffee,Blackthorn
Orange Push-up,Snowday,Negroni,H.D.,Hot Creamy Bush
Frappé,Gin Toddy,Limeade,Honey Bee,French Connection
Zizi Coin-coin,Munich Mule,Rail Splitter,Imperial Fizz,Snowball
Gin Fizz,Daiquiri,Pineapple Paloma,Bubble Gum,Tuxedo Cocktail
Elderflower Caipirinha,Yoghurt Cooler,Cherry Rum,Gin Lemon,Planter’s Punch
Miami Vice,Vesper,Waikiki Beachcomber,Lazy Coconut Paloma,Pysch Vitamin Light
Zizi Coin-coin,Rusty Nail,White Lady,B-53,Tomato Tang
Fruit Shake,London Town,Zippy's Revenge,Mudslinger,Yellow Bird
Cherry Rum,Casa Blanca,Royal Bitch,A. J.,Grim Reaper
Loch Lomond,Talos Coffee,Campari Beer,French Martini,Jello shots
Lassi Khara,Jello shots,Munich Mule,Sidecar,White Lady
H.D.,Limeade,Snowday,Brooklyn,Mulled Wine
Acapulco,Zoksel,Planter's Punch,Brooklyn,Frappé
Planter's Punch,Limeade,French Connection,Barracuda,Acapulco
Ice Pick,Limeade,Long Island Tea,Jam Donut,Rose
Owen's Grandmother's Revenge,Limeade,Snowday,Brooklyn,Ice Pick
Mulled Wine,French Connection,Greyhound,Ice Pick,Limeade
Hunter's Moon,Whiskey Sour,Frosé,Lemouroudji,Royal Fizz
Egg Nog - Healthy,Kiss me Quick,Lady Love Fizz,Raspberry Julep,Hunter's Moon
Shot-gun,Dry Martini,Godmother,Poppy Cocktail,Moranguito
Gin Lemon,Long Island Iced Tea,Penicillin,Royal Bitch,Bluebird
Zorro,Zipperhead,Kool First Aid,Vesper,Havana Cocktail
Queen Bee,GG,Russian Spring Punch,Whisky Mac,Derby
Vodka Fizz,The Philosopher,Fahrenheit 5000,Cream Soda,White Russian
Aviation,Sweet Tooth,The Jimmy Conway,Royal Bitch,Vodka Lemon
Nuked Hot Chocolate,Casa Blanca,Popped cherry,Caipirissima,Godfather
Chocolate Milk,Clove Cocktail,Orange Scented Hot Chocolate,Irish Curdling Cow,Irish Coffee
Quick F**K,Tia-Maria,Turkeyball,Scooter,Godchild
National Aquarium,Kiwi Lemon,Porto flip,Rum Runner,ABC
Ipamena,Rum Runner,Dubonnet Cocktail,Rosemary Blue,Mai Tai
Mulled Wine,Jam Donut,Owen's Grandmother's Revenge,French Connection,Frappé
Ipamena,Applecar,Fruit Flip-Flop,Zippy's Revenge,Clover Club
After sex,Horse's Neck,Lunch Box,Gin Fizz,Ziemes Martini Apfelsaft
Porto flip,The Laverstoke,Rum Runner,Applecar,London Town
Brain Fart,The Laverstoke,Mai Tai,Yellow Bird,Martini
Affair,Algonquin,Porto flip,National Aquarium,Yellow Bird
Dubonnet Cocktail,Yellow Bird,Hemingway Special,Martini,Fruit Shake
London Town,Fruit Shake,Oreo Mudslide,Clover Club,Brain Fart
London Town,Fruit Shake,Rosemary Blue,Affair,Applecar
Yellow Bird,Rosemary Blue,Zippy's Revenge,Clover Club,Brain Fart
Kir,Rusty Nail,Tequila Slammer,Rum Old-fashioned,Danbooka
Clove Cocktail,Danbooka,Lone Tree Cocktail,Texas Sling,Death in the Afternoon
Chocolate Milk,Dirty Martini,New York Lemonade,Almeria,Blue Lagoon
Queen Charlotte,Jamaican Coffee,Frozen Daiquiri,Snowball,Loch Lomond
Lazy Coconut Paloma,Frozen Mint Daiquiri,Zizi Coin-coin,Queen Elizabeth,Kioki Coffee
Vodka Tonic,Quentin,Winter Rita,Dirty Martini,Victory Collins
Mulled Wine,Orange Push-up,Kool-Aid Shot,H.D.,Barracuda
Raspberry Julep,Gin Daisy,Apello,New York Sour,Hunter's Moon
Lassi - Mango,Lassi Raita,Kool-Aid Slammer,Thai Iced Coffee,Kentucky Colonel
Iced Coffee Fillip,Tequila Slammer,Flaming Lamborghini,ACID,Godchild
Pysch Vitamin Light,Zizi Coin-coin,Monkey Gland,Citrus Coke,Queen Charlotte
Mango Mojito,Derby,Big Red,Vodka Martini,Loch Lomond
Chocolate Drink,Royal Bitch,Ramos Gin Fizz,Spice 75,Lemon Elderflower Spritzer
Mocha-Berry,Passion Fruit Martini,Port Wine Flip,Sweet Tooth,Long Island Iced Tea
Happy Skipper,ACID,Death in the Afternoon,Lazy Coconut Paloma,Whisky Mac
Dubonnet Cocktail,Applecar,Zippy's Revenge,Kiwi Lemon,Affair
Winter Rita,Texas Sling,Egg Nog #4,Lord And Lady,Danbooka
Shark Attack,Boston Sour,Dark Caipirinha,Pineapple Gingerale Smoothie,Imperial Fizz
Lone Tree Cocktail,Lassi - A South Indian Drink,Frozen Pineapple Daiquiri,Vodka Russian,Zizi Coin-coin
Lone Tree Cocktail,Queen Elizabeth,Pysch Vitamin Light,Downshift,Quaker's Cocktail
Orangeade,Wine Punch,Mimosa,Hot Chocolate to Die for,Afterglow
Vesper,Iced Coffee,Death in the Afternoon,Havana Cocktail,Dragonfly
Paloma,Ramos Gin Fizz,Rum Cobbler,Spice 75,Holloween Punch
Iced Coffee Fillip,Pysch Vitamin Light,Russian Spring Punch,Cafe Savoy,Sherry Flip
Zorbatini,Talos Coffee,Russian Spring Punch,Margarita,Gagliardo
Clove Cocktail,Dark Caipirinha,Gagliardo,Caipirinha,Jamaican Coffee
Rum Cobbler,Cherry Rum,Holloween Punch,Royal Bitch,A. J.
Flaming Lamborghini,Pineapple Gingerale Smoothie,Kioki Coffee,Vermouth Cassis,Espresso Rumtini
Rum Cobbler,Cherry Rum,Orange Oasis,Grass Skirt,Aviation
Shot-gun,Lunch Box,Quarter Deck Cocktail,Figgy Thyme,Lone Tree Cooler
Tequila Fizz,Fruit Shake,The Laverstoke,Martini,Kiwi Lemon
Turf Cocktail,The Galah,Lone Tree Cooler,Winter Paloma,Vodka Fizz
Negroni,Rose,Orange Whip,Hawaiian Cocktail,Barracuda
Winter Rita,Havana Cocktail,Adam,Lemon Drop,Jello shots
Balmoral,Bramble,Boomerang,Rum Cooler,Tom Collins
Espresso Rumtini,Just a Moonmint,Quick F**K,Vermouth Cassis,Boston Sour
Havana Cocktail,Espresso Rumtini,Irish Coffee,Kioki Coffee,Munich Mule
Happy Skipper,Lemon Drop,Gagliardo,Flying Dutchman,Iced Coffee Fillip
Vodka Fizz,Kentucky B And B,Quarter Deck Cocktail,Flander's Flake-Out,Shot-gun
Port Wine Cocktail,ABC,Brain Fart,Hemingway Special,Ipamena
Bora Bora,Afternoon,Jamaican Coffee,French 75,Mint Julep
Casino Royale,Lazy Coconut Paloma,Chocolate Milk,Dry Rob Roy,Coke and Drops
Sangria,Creme de Menthe,Wine Cooler,Planter’s Punch,Midnight Mint
Pysch Vitamin Light,Coke and Drops,Havana Cocktail,Boston Sour,Stone Sour
Creme de Menthe,A. J.,Autodafé,Penicillin,Gin Lemon
Passion Fruit Martini,Caipirissima,City Slicker,Elderflower Caipirinha,Popped cherry
Diesel,Gin Squirt,Kioki Coffee,Turkeyball,Zenmeister
Citrus Coke,Lord And Lady,AT&T,Gin Tonic,Pineapple Gingerale Smoothie
Afternoon,Salty Dog,Big Red,Zizi Coin-coin,Death in the Afternoon
Monkey Gland,Gin Squirt,Sidecar,Mint Julep,French Martini
Boston Sour,Rum Old-fashioned,Gin Tonic,Gagliardo,Zizi Coin-coin
Quentin,Kamikaze,Dragonfly,Texas Sling,Loch Lomond
Damned if you do,Bob Marley,Quick-sand,Space Odyssey,Mojito Extra
Tomato Tang,Orange Crush,Campari Beer,Sol Y Sombra,Gagliardo
Rusty Nail,Frozen Pineapple Daiquiri,Kool-Aid Slammer,Flying Dutchman,Rail Splitter
Zorbatini,Brigadier,Irish Spring,Quick F**K,Flaming Lamborghini
Diesel,Casino Royale,Egg Cream,Boston Sour,Flying Dutchman
H.D.,Orange Push-up,Gin Toddy,Owen's Grandmother's Revenge,Jack Rose Cocktail
Kool-Aid Shot,Jack Rose Cocktail,Acapulco,Foxy Lady,Mulled Wine
Gin Fizz,Artillery,Cream Soda,Jack's Vanilla Coke,Winter Paloma
Tipperary,Cream Soda,Moranguito,Shot-gun,Addison
Jackhammer,Halloween Punch,Royal Fizz,Hunter's Moon,Frosé
Kool-Aid Shot,Long vodka,French Negroni,Greyhound,Acapulco
Lone Tree Cooler,Vodka Fizz,Figgy Thyme,Artillery,Gin Smash
Artillery,Moranguito,The Galah,Empellón Cocina's Fat-Washed Mezcal,Blackthorn
Ramos Gin Fizz,Lemon Elderflower Spritzer,Bluebird,City Slicker,Aviation
Vodka Fizz,Spritz,Moranguito,Sherry Eggnog,Bubble Gum
Sherry Flip,Chocolate Milk,ACID,Cosmopolitan,Shark Attack
Wine Punch,Grand Blue,Texas Rattlesnake,Tequila Surprise,Whitecap Margarita
Dirty Martini,Sherry Flip,Zipperhead,Cosmopolitan,Lord And Lady
Quick F**K,Sidecar,Jello shots,Rusty Nail,Iced Coffee Fillip
The Philosopher,Ziemes Martini Apfelsaft,Horse's Neck,The Galah,Bubble Gum
Sherry Eggnog,Flander's Flake-Out,Gin Smash,Gin Rickey,Tuxedo Cocktail
Mudslinger,London Town,Yellow Bird,Fruit Flip-Flop,The Laverstoke
Martini,Applecar,Algonquin,Clover Club,Mai Tai
San Francisco,Radioactive Long Island Iced Tea,Boomerang,Hot Chocolate to Die for,Tennesee Mud
Old Pal,Yoghurt Cooler,Irish Russian,Autodafé,Wine Cooler
Gluehwein,Old Pal,Holloween Punch,Rum Cobbler,Caipirissima
Gin Tonic,Quick F**K,Dry Rob Roy,Tia-Maria,Red Snapper
Victor,Valencia Cocktail,White Wine Sangria,Mojito Extra,Sea breeze
Pink Penocha,Ruby Tuesday,Fruit Cooler,Michelada,Zombie
Orange Rosemary Collins,Royal Gin Fizz,Gin Sling,Grizzly Bear,Pink Penocha
Lemon Shot,Avalon,Pink Moon,Tennesee Mud,San Francisco
Death in the Afternoon,Raspberry Cooler,New York Lemonade,Dry Rob Roy,Tequila Sour
Lassi Khara,Kentucky Colonel,Scooter,Funk and Soul,Happy Skipper
Space Odyssey,Royal Flush,A1,Buccaneer,Bob Marley
Tom Collins,Balmoral,Tennesee Mud,Frisco Sour,Afterglow
Gin Cooler,Grand Blue,Veteran,Texas Rattlesnake,Smut
Gin Sour,Bramble,Veteran,Frisco Sour,Grand Blue
Tequila Sunrise,Old Fashioned,Gin Cooler,Whitecap Margarita,Hot Chocolate to Die for
Bible Belt,Royal Gin Fizz,Gin Sling,Space Odyssey,English Highball
Fruit Cooler,Ruby Tuesday,Victor,Highland Fling Cocktail,Gin Swizzle
Old Fashioned,Balmoral,San Francisco,Orangeade,Frisco Sour
Bramble,Balmoral,Gin Cooler,Chicago Fizz,Hot Chocolate to Die for
Smut,Masala Chai,Orangeade,Avalon,Japanese Fizz
Flying Scotchman,Duchamp's Punch,Gin Swizzle,Bible Belt,Quick-sand
Irish Curdling Cow,Adam,Kir Royale,Zipperhead,Frozen Pineapple Daiquiri
Whiskey Sour,Hunter's Moon,Bloody Mary,Lady Love Fizz,Lemouroudji
Sweet Bananas,Zombie,English Highball,Royal Flush,Royal Gin Fizz
Smut,San Francisco,Frisco Sour,Texas Rattlesnake,Vodka Slime
Foxy Lady,Orange Whip,Hot Creamy Bush,Limeade,Planter's Punch
Sweet Bananas,Manhattan,Fuzzy Asshole,Alexander,Victor
Stone Sour,Dark and Stormy,Scotch Sour,Irish Spring,Vodka Tonic
Coffee Liqueur,Gin Cooler,Frisco Sour,Rum Cooler,Midnight Manx
Tequila Surprise,Tom Collins,Texas Rattlesnake,Bramble,Vodka Slime
Artillery,Corpse Reviver,Ziemes Martini Apfelsaft,Turf Cocktail,Tuxedo Cocktail
Tequila Sunrise,Vodka Slime,Radioactive Long Island Iced Tea,Tennesee Mud,Japanese Fizz
Algonquin,Ipamena,Martini,Oreo Mudslide,Port Wine Cocktail
Oatmeal Cookie,Ace,Bloody Mary,Halloween Punch,Gin Daisy
Ruby Tuesday,Bob Marley,Michelada,Gin Sling,White Wine Sangria
Long Island Tea,Honey Bee,Sweet Sangria,Frappé,Foxy Lady
Paloma,Vampiro,Irish Russian,Gluehwein,Orange Oasis
Quick-sand,B-52,Freddy Kruger,Michelada,English Highball
Limona Corona,Gin Sling,Flaming Dr. Pepper,Highland Fling Cocktail,Ruby Tuesday
Raspberry Julep,Halloween Punch,Oatmeal Cookie,Royal Fizz,New York Sour
Tipperary,Flander's Flake-Out,Daiquiri,Sherry Eggnog,Jack's Vanilla Coke
Sherry Flip,Egg Nog #4,Lord And Lady,Zorro,Dark Caipirinha
Irish Russian,Grim Reaper,Godfather,Bluebird,Casa Blanca
Apello,Royal Fizz,Lady Love Fizz,Bloody Mary,Kiss me Quick
Greyhound,Ice Pick,Kool-Aid Shot,Gin Toddy,Barracuda
Coffee Liqueur,Rum Screwdriver,Pink Moon,Kiwi Papaya Smoothie,Boomerang
Affinity,Tequila Sunrise,Midnight Manx,Mimosa,Orangeade
Raspberry Julep,Apello,Oatmeal Cookie,Hunter's Moon,Royal Fizz
Damned if you do,Zombie,Jitterbug,Abilene,Gin Sling
Affinity,Boomerang,Hot Chocolate to Die for,Orangeade,Gin Sour
Smut,Gin Sour,Vodka Slime,Rum Screwdriver,Bramble
Jamaica Kiss,Vodka Russian,Brigadier,Scooter,Gin Squirt
Dubonnet Cocktail,Oreo Mudslide,Fruit Shake,Tequila Fizz,Fruit Flip-Flop
Lady Love Fizz,Whiskey Sour,Hunter's Moon,Gin Daisy,Halloween Punch
Aviation,Grim Reaper,Creme de Menthe,Orange Oasis,Sweet Tooth
Manhattan,Royal Flush,Grizzly Bear,Flying Scotchman,Bible Belt
Long Island Tea,Kool-Aid Shot,Negroni,Jam Donut,Limeade
Chocolate Drink,Caipirissima,Bijou,Boxcar,Elderflower Caipirinha
Thriller,Texas Rattlesnake,Gin Sour,Afterglow,Boomerang
Kiss me Quick,Royal Fizz,Gin Daisy,Lady Love Fizz,Ace
Halloween Punch,Gin Daisy,New York Sour,Apello,Royal Fizz
Long Island Tea,Planter's Punch,Kool-Aid Shot,Frappé,Snowday
A1,B-52,Highland Fling Cocktail,Fruit Cooler,Jewel Of The Nile
Holloween Punch,Rum Cobbler,Godfather,Port Wine Flip,Long Island Iced Tea
Chicago Fizz,Coffee Liqueur,Hot Chocolate to Die for,Rum Screwdriver,Balmoral
Ipamena,Clover Club,Yellow Bird,Mai Tai,Porto flip
The Laverstoke,National Aquarium,Applecar,English Rose Cocktail,Clover Club
Autodafé,Nutty Irishman,Lemon Elderflower Spritzer,Port Wine Flip,Orgasm
Adam,Quentin,Pysch Vitamin Light,Cafe Savoy,ACID
Zippy's Revenge,Dubonnet Cocktail,Mudslinger,Tequila Fizz,Rosemary Blue
Gin Fizz,Empellón Cocina's Fat-Washed Mezcal,Lone Tree Cooler,Radler,Bellini
Godmother,Lunch Box,Sherry Eggnog,Gin Rickey,Pineapple Paloma
Damned if you do,Space Odyssey,Ruby Tuesday,Sweet Bananas,Bob Marley
Damned if you do,Buccaneer,Sea breeze,Orange Rosemary Collins,Mojito Extra
Orange Rosemary Collins,Bob Marley,Zombie,A1,Flying Scotchman
Gin Cooler,Midnight Manx,Kiwi Papaya Smoothie,Martinez 2,Rum Cooler
Martinez 2,Radioactive Long Island Iced Tea,Coffee Liqueur,Kiwi Papaya Smoothie,Balmoral
Corpse Reviver,Tuxedo Cocktail,Jack's Vanilla Coke,Flander's Flake-Out,Turf Cocktail
Van Vleet,Fahrenheit 5000,Radler,Jack's Vanilla Coke,Espresso Martini
Imperial Fizz,Zimadori Zinger,Salty Dog,Boston Sour,Tia-Maria
English Highball,Limona Corona,Jitterbug,Jewel Of The Nile,Zombie
GG,Rail Splitter,Raspberry Cooler,Downshift,French Martini
Ramos Gin Fizz,Wine Cooler,Gin Lemon,Bluebird,Gluehwein
Acapulco,Broadside,Ice Pick,Negroni,Hawaiian Cocktail
Jackhammer,Raspberry Julep,Lady Love Fizz,Halloween Punch,Kiss me Quick
Jam Donut,Owen's Grandmother's Revenge,Orange Whip,Hot Creamy Bush,Planter's Punch
Lady Love Fizz,Whiskey Sour,Oatmeal Cookie,Bloody Mary,Gin Daisy
Ace,Frosé,Egg Nog - Healthy,Apello,Egg-Nog - Classic Cooked
Pink Panty Pulldowns,Caipirissima,Sweet Tooth,Nuked Hot Chocolate,Rum Sour
